fid,sub score,from_user_id,comments_count,created_date,likes_count,shares_count,to_user,brand,AF score
100000009146191_2206807409329542,0.0,1032,65,2018-10-27 15:34:00.000,5063,44,100000009146191,similac,1032.0
100000009146191_2207667979243485,9.0,3691,24,2018-10-28 05:31:00.000,3675,32,100000009146191,similac,3700.0
100000197527970_2471444559538771,0.0,1143,54,2018-12-29 17:00:00.000,1126,8,100000197527970,nan,1143.0
100000216274240_2597813270235857,0.0,2024,73,2018-10-31 09:26:11.378,2079,5,100000216274240,nan,2024.0
100000216274240_2654756267874890,0.0,1270,56,2018-12-08 12:42:00.000,1004,3,100000216274240,nan,1270.0
100000271946723_2257434657608910,,996,50,2018-12-26 17:00:00.000,963,4,100000271946723,nan,996.0
100000271946723_2261340137218362,0.0,1102,62,2018-12-29 17:00:00.000,1025,5,100000271946723,nan,1102.0
100000339992442_2091510330870280,,417,42,2018-12-11 02:11:00.000,410,0,100000339992442,nan,417.0
100000339992442_2105712676116712,,162,67,2018-12-21 02:54:00.000,162,6,100000339992442,nan,162.0
100000339992442_2117609728260340,0.0,642,81,2018-12-28 17:00:00.000,541,7,100000339992442,nan,642.0
100000578800959_2403595796336357,0.0,407,44,2018-12-22 13:06:00.000,693,3,100000578800959,nan,407.0
100000641426063_2133725579992135,0.0,1674,76,2018-10-04 05:49:00.000,1669,24,100000641426063,enfa,1674.0
100000941004296_2448311395210203,,1114,86,2018-12-30 17:00:00.000,986,5,100000941004296,nan,1114.0
100001229816317_2074166142634359,,154,0,2018-10-25 03:35:00.000,156,0,100001229816317,nan,154.0
100001229816317_2140722512645388,,7,1,2018-12-10 14:01:00.000,6,0,100001229816317,nan,7.0
100001229816317_2140722512645388,,7,1,2018-12-10 14:01:00.000,6,0,100001229816317,similac,7.0
100001229816317_2150526121665027,,9,2,2018-12-17 05:33:00.000,6,0,100001229816317,nan,9.0
100001277921015_2030455353673709,,155,13,2018-10-08 17:00:00.000,157,0,100001277921015,similac,155.0
100001596172934_2205965629466621,0.0,1691,79,2018-12-30 17:00:00.000,1548,6,100001596172934,nan,1691.0
100001629034111_2046824552048493,,820,39,2018-12-08 15:17:00.000,832,0,100001629034111,nan,820.0
100001629034111_2077640888966859,0.0,874,62,2018-12-28 17:00:00.000,860,5,100001629034111,nan,874.0
100001852669374_2341268345944898,,22,5,2018-12-13 22:12:00.000,18,0,100001852669374,similac,22.0
100001852669374_2348511391887260,0.0,15,1,2018-12-17 14:27:00.000,11,2,100001852669374,enfa,15.0
100001852669374_2353234611414938,,5,1,2018-12-19 23:36:00.000,4,0,100001852669374,enfa,5.0
100002708846347_1567835263316753,0.0,1821,74,2018-10-04 03:59:00.000,1801,8,100002708846347,enfa,1821.0
100002952919951_1823940351047711,,270,44,2018-12-20 12:41:00.000,431,0,100002952919951,nan,270.0
100004097630026_1661843833962188,0.0,147,124,2018-11-22 17:00:00.000,123,11,100004097630026,similac,147.0
100004779762337_1181403445362303,,983,115,2018-12-29 17:00:00.000,1002,9,100004779762337,nan,983.0
100004868344872_1068361193336149,,1275,58,2018-12-28 17:00:00.000,1206,5,100004868344872,nan,1275.0
100005723490568_1010330942501013,,81,2,2018-10-08 01:45:00.000,80,0,100005723490568,enfa,81.0
100006059135882_2147702788775005,0.0,3517,244,2018-10-28 13:00:00.000,943,211,100006059135882,similac,3517.0
100006134349556_2151076595106798,2.0,12,2,2018-10-03 00:47:00.000,9,1,100006134349556,similac,14.0
100006134349556_2152074275007030,0.0,7,1,2018-10-05 00:34:00.000,5,1,100006134349556,enfa,7.0
100006134349556_2152609504953507,0.0,9,0,2018-10-06 00:04:00.000,8,1,100006134349556,similac,9.0
100006134349556_2152616054952852,0.0,17,4,2018-10-06 00:27:00.000,11,1,100006134349556,nan,17.0
100006134349556_2154928591388265,0.0,40,11,2018-10-10 09:34:00.000,29,1,100006134349556,nan,40.0
100006134349556_2155247471356377,3.0,7,0,2018-10-11 00:28:00.000,6,3,100006134349556,similac,10.0
100006134349556_2156195727928218,0.0,7,2,2018-10-13 01:11:00.000,4,1,100006134349556,nan,7.0
100006134349556_2156666591214465,0.0,14,2,2018-10-14 00:42:00.000,11,1,100006134349556,enfa,14.0
100006134349556_2156682014546256,0.0,46,25,2018-10-14 01:40:00.000,36,3,100006134349556,nan,46.0
100006134349556_2157655207782270,0.0,16,2,2018-10-16 00:55:00.000,13,1,100006134349556,nan,16.0
100006134349556_2157808994433558,,23,2,2018-10-16 09:16:00.000,22,0,100006134349556,friso,23.0
100006134349556_2165419733672484,0.0,8,1,2018-10-30 23:58:00.000,6,1,100006134349556,enfa,8.0
100006134349556_2165430827004708,0.0,9,0,2018-10-31 00:32:00.000,8,2,100006134349556,friso,9.0
100006134349556_2165431893671268,0.0,8,1,2018-10-31 00:34:00.000,6,1,100006134349556,nan,8.0
100006134349556_2165918803622577,0.0,15,2,2018-11-01 00:26:00.000,14,1,100006134349556,friso,15.0
100006134349556_2166058103608647,0.0,16,2,2018-11-01 08:11:00.000,15,1,100006134349556,nan,16.0
100006134349556_2166461596901631,0.0,7,1,2018-11-02 01:43:00.000,5,1,100006134349556,friso,7.0
100006134349556_2167605246787266,0.0,12,1,2018-11-04 00:50:00.000,10,1,100006134349556,nan,12.0
100006134349556_2172529512961506,0.0,12,3,2018-11-13 00:27:00.000,8,1,100006134349556,nan,12.0
100006134349556_2172530056294785,0.0,6,1,2018-11-13 00:28:00.000,5,1,100006134349556,enfa,6.0
100006134349556_2172556706292120,0.0,6,0,2018-11-13 01:48:00.000,5,1,100006134349556,friso,6.0
100006134349556_2173091246238666,0.0,9,0,2018-11-14 00:15:00.000,8,1,100006134349556,friso,9.0
100006134349556_2184773891737068,0.0,15,3,2018-12-03 13:36:00.000,11,1,100006134349556,nan,15.0
100006134349556_2186894628191661,0.0,5,0,2018-12-07 00:31:00.000,4,1,100006134349556,nan,5.0
100006134349556_2189663681248089,0.0,9,3,2018-12-11 05:47:00.000,4,1,100006134349556,similac,9.0
100006134349556_2191178411096616,0.0,16,1,2018-12-13 08:42:00.000,14,1,100006134349556,similac,16.0
100006134349556_2192805337600590,0.0,3,0,2018-12-16 00:46:00.000,2,1,100006134349556,similac,3.0
100006134349556_2194543217426802,0.0,6,0,2018-12-19 00:30:00.000,5,1,100006134349556,enfa,6.0
100006134349556_2196256560588801,0.0,8,3,2018-12-22 00:45:00.000,4,1,100006134349556,similac,8.0
100006134349556_2196828483864942,0.0,4,0,2018-12-23 00:15:00.000,3,1,100006134349556,enfa,4.0
100006134349556_2197402257140898,0.0,5,0,2018-12-23 23:57:00.000,4,1,100006134349556,friso,5.0
100006134349556_2199344186946705,0.0,18,6,2018-12-27 02:01:00.000,12,1,100006134349556,friso,18.0
100006331954330_2340381849516191,0.0,818,83,2018-12-28 17:00:00.000,670,5,100006331954330,nan,818.0
100006492785190_2526496004243468,0.0,1152,111,2018-11-23 13:05:00.000,1168,11,100006492785190,similac,1152.0
100006577177813_2261665887395962,0.0,461,95,2018-10-02 17:00:00.000,482,17,100006577177813,similac,461.0
100006577177813_2289877657908118,0.0,666,106,2018-11-21 17:00:00.000,641,11,100006577177813,similac,666.0
100006577177813_2301977910031426,,15,104,2018-12-10 17:00:00.000,976,0,100006577177813,similac,15.0
100007251934595_2194189014166142,0.0,756,50,2018-12-28 17:00:00.000,701,5,100007251934595,nan,756.0
100008835062694_1931247523846398,,4207,8,2018-10-25 02:45:00.000,10624,5,100008835062694,similac,4207.0
100008835062694_1931692447135239,0.0,4234,27,2018-10-26 04:40:00.000,11777,8,100008835062694,similac,4234.0
100010474243709_754211498271318,0.0,1184,31,2018-12-26 05:00:00.000,1124,39,100010474243709,similac,1184.0
100011674677384_736056833460132,,14,57,2018-12-16 03:47:00.000,1077,0,100011674677384,enfa,14.0
100012326612818_583372312083651,,26,16,2018-12-25 17:00:00.000,14,0,100012326612818,similac,26.0
100012326612818_585133238574225,0.0,781,67,2018-12-28 17:00:00.000,718,1,100012326612818,nan,781.0
100783053818249_368855973677621,0.0,605,38,2018-12-25 17:00:00.000,572,18,100783053818249,similac,605.0
107753422479_10156768478192480,0.0,1636,41,2018-10-27 08:53:00.000,1622,0,107753422479,similac,1636.0
1078150692266629_1897258920355798,,1,1,2018-10-05 17:22:00.000,1,0,1078150692266629,enfa,1.0
1078150692266629_1897258920355798,,1,1,2018-10-05 17:22:00.000,1,0,1078150692266629,similac,1.0
1078150692266629_1904029409678749,,1,0,2018-10-12 12:02:00.000,1,0,1078150692266629,enfa,1.0
1078150692266629_1904029409678749,,1,0,2018-10-12 12:02:00.000,1,0,1078150692266629,similac,1.0
1078150692266629_1922719731143050,,1,0,2018-10-24 15:38:00.000,1,0,1078150692266629,enfa,1.0
1078150692266629_1922988867782803,,2,2,2018-11-01 16:00:00.000,1,0,1078150692266629,enfa,2.0
1078150692266629_1922988867782803,,2,2,2018-11-01 16:00:00.000,1,0,1078150692266629,similac,2.0
1078150692266629_1922996334448723,,1,0,2018-11-06 03:00:00.000,1,0,1078150692266629,enfa,1.0
1078150692266629_1922996334448723,,1,0,2018-11-06 03:00:00.000,1,0,1078150692266629,similac,1.0
1078150692266629_1933269240088099,,2,2,2018-10-31 14:36:43.624,1,0,1078150692266629,enfa,2.0
1078150692266629_1933269240088099,,2,2,2018-10-31 14:36:43.624,1,0,1078150692266629,similac,2.0
1078150692266629_1934644916617198,,177,4,2018-11-01 06:29:00.000,176,0,1078150692266629,enfa,177.0
1078150692266629_1934644916617198,,177,4,2018-11-01 06:29:00.000,176,0,1078150692266629,similac,177.0
1078150692266629_1936394733108883,,1,0,2018-11-02 03:59:00.000,1,0,1078150692266629,enfa,1.0
1078150692266629_1936394733108883,,1,0,2018-11-02 03:59:00.000,1,0,1078150692266629,similac,1.0
1078150692266629_1937806252967731,,1,0,2018-11-03 03:20:00.000,1,0,1078150692266629,enfa,1.0
1078150692266629_1937806252967731,,1,0,2018-11-03 03:20:00.000,1,0,1078150692266629,similac,1.0
1078150692266629_1944460505635639,,540,9,2018-11-08 04:38:00.000,534,0,1078150692266629,similac,540.0
108220253228830_252130698837784,,20,3,2018-10-02 08:30:00.000,19,0,108220253228830,enfa,20.0
108220253228830_252130698837784,,20,3,2018-10-02 08:30:00.000,19,0,108220253228830,similac,20.0
108220253228830_252382045479316,,18,6,2018-10-03 03:39:00.000,13,0,108220253228830,similac,18.0
108220253228830_252714012112786,,16,1,2018-10-04 07:03:00.000,14,1,108220253228830,enfa,16.0
108220253228830_252714012112786,,16,1,2018-10-04 07:03:00.000,14,1,108220253228830,similac,16.0
108220253228830_253678388683015,,18,2,2018-10-07 09:29:00.000,16,1,108220253228830,enfa,18.0
108220253228830_253678388683015,,18,2,2018-10-07 09:29:00.000,16,1,108220253228830,similac,18.0
108220253228830_253934548657399,,45,18,2018-10-08 04:37:00.000,28,3,108220253228830,enfa,45.0
108220253228830_253934548657399,,45,18,2018-10-08 04:37:00.000,28,3,108220253228830,similac,45.0
108220253228830_256156838435170,,22,7,2018-10-15 13:33:00.000,16,0,108220253228830,similac,22.0
108220253228830_283985202319000,,34,10,2018-12-26 17:00:00.000,25,2,108220253228830,enfa,34.0
108220253228830_283985202319000,,34,10,2018-12-26 17:00:00.000,25,2,108220253228830,similac,34.0
108220253228830_284669642250556,,14,1,2018-12-27 17:00:00.000,12,0,108220253228830,enfa,14.0
1368099604_10213275946197687,0.0,863,4,2018-12-15 08:23:00.000,861,3,1368099604,nan,863.0
138261313325928_266716213991041,,9,3,2018-12-14 12:33:00.000,8,0,138261313325928,similac,9.0
138261313325928_271711480168091,,5,1,2018-12-12 04:27:00.000,4,0,138261313325928,similac,5.0
138261313325928_409312893147613,,22,17,2018-12-14 08:30:00.000,12,2,138261313325928,similac,22.0
138261313325928_499190213899701,,3,0,2018-11-05 06:26:00.000,3,0,138261313325928,similac,3.0
138261313325928_514977932320929,0.0,7,2,2018-12-05 10:11:00.000,5,2,138261313325928,similac,7.0
138261313325928_519698771848845,,9,9,2018-12-13 04:26:00.000,6,0,138261313325928,similac,9.0
138261313325928_520816281737094,0.0,8,7,2018-12-15 06:38:00.000,5,1,138261313325928,similac,8.0
138261313325928_520823065069749,,5,3,2018-12-15 07:01:00.000,4,0,138261313325928,similac,5.0
138261313325928_521891558296233,,21,9,2018-12-17 06:32:00.000,14,0,138261313325928,similac,21.0
138261313325928_522373188248070,,9,5,2018-12-18 05:32:00.000,9,0,138261313325928,similac,9.0
138261313325928_525534007931988,0.0,5,0,2018-12-24 10:34:49.399,4,1,138261313325928,similac,5.0
138261313325928_534730276937917,,4,6,2018-12-17 13:35:00.000,4,0,138261313325928,similac,4.0
1405462003056039_2224068444528720,0.0,117,2,2018-12-01 03:28:00.000,97,47,1405462003056039,similac,117.0
149461478419983_1146752002157307,0.0,8526,10972,2018-12-08 12:39:00.000,16198,1317,149461478419983,nan,8526.0
153475957997899_2220382594640548,0.0,2694,21,2018-12-20 13:14:00.000,2682,5,153475957997899,similac,2694.0
153740148098439_1279560722183037,0.0,587,108,2018-10-05 14:00:00.000,548,124,153740148098439,enfa,587.0
153740148098439_1282527128553063,0.0,216,105,2018-10-10 02:11:00.000,131,10,153740148098439,nan,216.0
153740148098439_1283113068494469,,41,12,2018-10-11 02:00:00.000,32,1,153740148098439,nan,41.0
153740148098439_1284460785026364,,12,2,2018-10-14 04:00:00.000,10,0,153740148098439,enfa,12.0
153740148098439_1284460785026364,,12,2,2018-10-14 04:00:00.000,10,0,153740148098439,similac,12.0
153740148098439_1285754184897024,0.0,326,94,2018-10-15 07:18:00.000,259,9,153740148098439,enfa,326.0
153740148098439_1286884321450677,,9,4,2018-10-17 09:58:42.362,4,0,153740148098439,enfa,9.0
153740148098439_1295086340630475,,9,1,2018-10-30 08:30:00.000,7,0,153740148098439,enfa,9.0
153740148098439_1295561547249621,,12,4,2018-10-31 08:30:00.000,8,1,153740148098439,similac,12.0
153740148098439_1296186193853823,,4,0,2018-11-01 07:00:00.000,4,0,153740148098439,similac,4.0
153740148098439_1299538676851908,,11,7,2018-11-06 07:00:00.000,7,0,153740148098439,similac,11.0
153740148098439_1304136073058835,,17,7,2018-11-13 02:00:00.000,12,1,153740148098439,similac,17.0
153740148098439_1304835149655594,0.0,22,5,2018-11-14 04:34:11.212,15,1,153740148098439,enfa,22.0
153740148098439_1309196259219483,,11,4,2018-11-20 08:30:00.000,6,0,153740148098439,similac,11.0
153740148098439_1311094005696375,,36,12,2018-11-23 04:00:00.000,26,0,153740148098439,similac,36.0
153740148098439_1311099155695860,,23,12,2018-11-23 07:00:00.000,17,1,153740148098439,similac,23.0
153740148098439_1311841482288294,,22,6,2018-11-25 07:00:00.000,17,0,153740148098439,similac,22.0
153740148098439_1313294348809674,0.0,19,8,2018-11-26 04:00:00.000,10,1,153740148098439,enfa,19.0
153740148098439_1315369595268816,,13,3,2018-11-29 07:00:00.000,10,0,153740148098439,similac,13.0
153740148098439_1316005708538538,,20,5,2018-11-30 04:00:00.000,15,0,153740148098439,enfa,20.0
153740148098439_1322410891231353,0.0,13,3,2018-12-09 02:24:00.000,10,1,153740148098439,enfa,13.0
153740148098439_1323123287826780,,13,3,2018-12-10 06:00:00.000,6,2,153740148098439,enfa,13.0
153740148098439_1323228687816240,,12,0,2018-12-13 12:55:00.000,12,0,153740148098439,nan,12.0
153740148098439_1323910821081360,,18,5,2018-12-11 02:09:00.000,10,0,153740148098439,enfa,18.0
153740148098439_1326206684185107,,14,5,2018-12-14 04:00:00.000,9,0,153740148098439,similac,14.0
153740148098439_1326869844118791,,10,1,2018-12-16 04:00:00.000,9,0,153740148098439,similac,10.0
153740148098439_1326979460774496,,40,2,2018-12-15 08:30:00.000,38,0,153740148098439,similac,40.0
153740148098439_1329687107170398,0.0,84,50,2018-12-19 07:35:00.000,68,11,153740148098439,similac,84.0
153740148098439_1329698677169241,,9,1,2018-12-19 08:30:00.000,8,0,153740148098439,nan,9.0
153740148098439_1329735387165570,,9,1,2018-12-19 08:34:00.000,9,0,153740148098439,similac,9.0
153740148098439_1330288310443611,0.0,99,20,2018-12-20 07:30:00.000,73,258,153740148098439,similac,99.0
153740148098439_1330368783768897,0.0,21,4,2018-12-22 01:00:00.000,14,5,153740148098439,enfa,21.0
153740148098439_1331068927032216,,15,8,2018-12-22 08:00:00.000,6,1,153740148098439,nan,15.0
153740148098439_1331582650314177,,18,6,2018-12-22 02:30:00.000,11,0,153740148098439,friso,18.0
153740148098439_1332538866885222,,12,1,2018-12-23 11:29:00.000,12,0,153740148098439,enfa,12.0
153740148098439_1333107816828327,,5,1,2018-12-24 14:00:00.000,4,0,153740148098439,nan,5.0
153740148098439_1333653730107069,,7,1,2018-12-24 17:00:00.000,7,0,153740148098439,enfa,7.0
153740148098439_1334458820026560,,10,2,2018-12-25 17:00:00.000,8,0,153740148098439,friso,10.0
153740148098439_1334524230020019,,11,3,2018-12-25 17:00:00.000,8,0,153740148098439,similac,11.0
153740148098439_1335122009960241,,16,5,2018-12-27 17:00:00.000,9,2,153740148098439,enfa,16.0
153740148098439_1335129063292869,,9,2,2018-12-28 17:00:00.000,8,1,153740148098439,enfa,9.0
153740148098439_1335136559958786,,104,16,2018-12-26 17:00:00.000,93,0,153740148098439,similac,104.0
153740148098439_1335155633290212,,6,0,2018-12-27 17:00:00.000,6,0,153740148098439,nan,6.0
153740148098439_1335990323206743,,15,5,2018-12-30 17:00:00.000,12,4,153740148098439,enfa,15.0
153740148098439_1336115356527573,,3,3,2018-12-28 17:00:00.000,0,0,153740148098439,enfa,3.0
153740148098439_1336119809860461,,2,2,2018-12-29 17:00:00.000,1,0,153740148098439,similac,2.0
153740148098439_1336124206526688,,21,9,2018-12-30 17:00:00.000,8,0,153740148098439,friso,21.0
153740148098439_1336124206526688,,21,9,2018-12-30 17:00:00.000,8,0,153740148098439,similac,21.0
1555427368058884_2263390590595888,0.0,769,134,2018-12-21 13:07:00.000,5291,19,1555427368058884,nan,769.0
157047117006_10155722012977007,0.0,44,2,2018-12-13 13:30:00.000,41,4,157047117006,friso,44.0
157047117006_10155726271192007,,48,0,2018-12-15 14:36:00.000,48,1,157047117006,nan,48.0
1629319941_10215743329089424,0.0,4311,63,2018-10-04 03:14:00.000,4454,11,1629319941,enfa,4311.0
1629319941_10216222645032023,0.0,504,7,2018-12-06 14:35:00.000,502,8,1629319941,enfa,504.0
1629319941_10216310854797212,0.0,401,6,2018-12-18 14:34:38.985,388,41,1629319941,nan,401.0
1736002153287053_2161435097410421,,40,14,2018-10-05 07:06:00.000,28,3,1736002153287053,optimum,40.0
1736002153287053_2199366650283932,,9,0,2018-12-09 03:23:00.000,9,0,1736002153287053,optimum,9.0
1736002153287053_2201566833397247,,344,26,2018-12-15 08:40:00.000,317,5,1736002153287053,optimum,344.0
1736002153287053_2201569230063674,,226,12,2018-12-15 09:20:00.000,211,2,1736002153287053,optimum,226.0
1736002153287053_2202159480004649,,15,4,2018-12-12 04:38:00.000,11,0,1736002153287053,optimum,15.0
1736002153287053_2203632819857315,,6,0,2018-12-14 10:10:00.000,6,0,1736002153287053,optimum,6.0
1736002153287053_2207798152774115,,269,24,2018-12-21 08:21:00.000,246,2,1736002153287053,optimum,269.0
1736002153287053_2207799109440686,0.0,442,32,2018-12-21 09:33:00.000,405,7,1736002153287053,optimum,442.0
1736002153287053_2212727255614538,,12,0,2018-12-29 05:00:00.000,12,0,1736002153287053,optimum,12.0
1748451012073433_1121281698022334,,2,0,2018-10-07 12:53:00.000,2,0,1748451012073433,enfa,2.0
1748451012073433_1121281698022334,,2,0,2018-10-07 12:53:00.000,2,0,1748451012073433,similac,2.0
1748451012073433_2115906785327852,,4,2,2018-10-01 06:01:00.000,2,0,1748451012073433,similac,4.0
1748451012073433_2119210981664099,,9,0,2018-10-08 06:31:00.000,9,0,1748451012073433,similac,9.0
1748451012073433_2119225028329361,,4,0,2018-10-08 07:26:00.000,4,0,1748451012073433,similac,4.0
1748451012073433_2119684214950109,,1,0,2018-10-09 06:25:00.000,1,0,1748451012073433,enfa,1.0
1748451012073433_2120587184859812,,3,0,2018-10-11 04:32:00.000,3,0,1748451012073433,enfa,3.0
1748451012073433_2120587184859812,,3,0,2018-10-11 04:32:00.000,3,0,1748451012073433,similac,3.0
1748451012073433_2121050644813466,,15,3,2018-10-12 03:19:00.000,12,0,1748451012073433,similac,15.0
1748451012073433_2121183708133493,,2,0,2018-10-12 10:34:00.000,2,0,1748451012073433,enfa,2.0
1748451012073433_2122811971304000,,3,0,2018-10-15 08:28:00.000,3,0,1748451012073433,similac,3.0
1748451012073433_2127492007502663,,20,2,2018-10-24 09:11:00.000,20,0,1748451012073433,enfa,20.0
1748451012073433_2127492007502663,,20,2,2018-10-24 09:11:00.000,20,0,1748451012073433,similac,20.0
1748451012073433_2130125237239340,,2,1,2018-10-29 13:15:00.000,1,0,1748451012073433,enfa,2.0
1748451012073433_2130636297188234,0.0,13,1,2018-10-30 14:54:00.000,12,2,1748451012073433,enfa,13.0
1748451012073433_2130636297188234,0.0,13,1,2018-10-30 14:54:00.000,12,2,1748451012073433,similac,13.0
1748451012073433_2131369200448277,,2,0,2018-11-01 03:04:00.000,2,0,1748451012073433,enfa,2.0
1748451012073433_2131369200448277,,2,0,2018-11-01 03:04:00.000,2,0,1748451012073433,similac,2.0
1748451012073433_2137725083146022,,7,6,2018-11-13 01:50:00.000,5,0,1748451012073433,similac,7.0
1748451012073433_2142383842680146,,4,0,2018-11-21 10:00:00.000,4,0,1748451012073433,similac,4.0
1748451012073433_2157758851142645,,5,0,2018-12-14 06:29:00.000,5,0,1748451012073433,enfa,5.0
1748451012073433_2157758851142645,,5,0,2018-12-14 06:29:00.000,5,0,1748451012073433,similac,5.0
1748451012073433_2157770247808172,,10,1,2018-12-14 07:02:00.000,9,0,1748451012073433,similac,10.0
1748451012073433_2158445634407300,,3,0,2018-12-15 10:13:00.000,3,0,1748451012073433,enfa,3.0
1748451012073433_2160315114220352,,7,0,2018-12-18 14:34:00.000,7,0,1748451012073433,enfa,7.0
1748451012073433_2160315114220352,,7,0,2018-12-18 14:34:00.000,7,0,1748451012073433,similac,7.0
1748451012073433_2160323704219493,,7,0,2018-12-18 14:52:00.000,7,0,1748451012073433,similac,7.0
1748451012073433_2160670074184856,,4,0,2018-12-19 04:30:00.000,4,0,1748451012073433,similac,4.0
1748451012073433_2160686817516515,,10,3,2018-12-19 05:15:00.000,7,0,1748451012073433,similac,10.0
1748451012073433_2160815727503624,,10,0,2018-12-19 10:40:00.000,10,0,1748451012073433,enfa,10.0
1748451012073433_2160815727503624,,10,0,2018-12-19 10:40:00.000,10,0,1748451012073433,similac,10.0
1748451012073433_2160865054165358,,4,0,2018-12-19 12:29:00.000,4,0,1748451012073433,similac,4.0
1748451012073433_2160878047497392,,7,3,2018-12-19 12:51:00.000,4,0,1748451012073433,enfa,7.0
1748451012073433_2161836407401556,,14,2,2018-12-21 03:12:00.000,12,0,1748451012073433,similac,14.0
1748451012073433_2162142014037662,,8,1,2018-12-21 15:50:00.000,7,0,1748451012073433,enfa,8.0
1748451012073433_2163395030579027,,8,1,2018-12-23 13:31:00.000,6,0,1748451012073433,enfa,8.0
1748451012073433_2163776343874229,,3,0,2018-12-24 05:58:00.000,3,0,1748451012073433,similac,3.0
1748451012073433_2163777793874084,0.0,6,1,2018-12-24 06:01:00.000,4,1,1748451012073433,similac,6.0
1748451012073433_2165152827069914,,4,0,2018-12-25 17:00:00.000,4,0,1748451012073433,enfa,4.0
1748451012073433_2165152827069914,,4,0,2018-12-25 17:00:00.000,4,0,1748451012073433,similac,4.0
1748451012073433_2165302720388258,,3,0,2018-12-25 17:00:00.000,3,0,1748451012073433,enfa,3.0
1748451012073433_2165303523721511,,6,1,2018-12-25 17:00:00.000,6,0,1748451012073433,similac,6.0
1748451012073433_2165616983690165,,6,4,2018-12-26 17:00:00.000,2,0,1748451012073433,similac,6.0
1748451012073433_2165618383690025,,12,4,2018-12-26 17:00:00.000,6,0,1748451012073433,enfa,12.0
1748451012073433_2165639757021221,0.0,5,1,2018-12-26 17:00:00.000,4,1,1748451012073433,similac,5.0
1794342963_10210108940158723,,199,3,2018-12-22 15:08:00.000,197,0,1794342963,similac,199.0
1797695590515780_1226389607500973,0.0,14,2,2018-10-01 04:00:00.000,12,3,1797695590515780,similac,14.0
1797695590515780_2193118244306844,0.0,29,0,2018-10-04 04:00:00.000,24,10,1797695590515780,similac,29.0
1797695590515780_2198122117139790,0.0,32,0,2018-10-07 03:59:00.000,29,3,1797695590515780,similac,32.0
1797695590515780_2201820276769974,0.0,593,12,2018-10-14 04:00:00.000,576,13,1797695590515780,similac,593.0
1797695590515780_2207744549510880,0.0,24,1,2018-10-25 13:00:00.000,22,1,1797695590515780,similac,24.0
1797695590515780_2215695228715812,0.0,270,46,2018-11-08 13:00:00.000,208,23,1797695590515780,similac,270.0
1797695590515780_2216346001984068,0.0,156,21,2018-11-11 04:00:00.000,129,10,1797695590515780,similac,156.0
1797695590515780_2246167582335243,0.0,42,11,2018-12-25 17:00:00.000,37,5,1797695590515780,similac,42.0
1797695590515780_2248113795473955,0.0,59,5,2018-12-29 17:00:00.000,54,4,1797695590515780,similac,59.0
1797695590515780_305121633552818,0.0,62,13,2018-10-02 13:00:00.000,49,8,1797695590515780,similac,62.0
1811892812375557_2259507420947425,0.0,47,20,2018-10-06 13:00:00.000,3589,13,1811892812375557,optimum,47.0
1811892812375557_2309996612565172,0.0,76,12,2018-12-25 17:00:00.000,70,4,1811892812375557,optimum,76.0
1811892812375557_279832382869846,0.0,556,53,2018-10-10 13:00:00.000,492,37,1811892812375557,optimum,556.0
1811892812375557_766093267072899,0.0,3022,544,2018-12-16 13:00:00.000,2714,559,1811892812375557,optimum,3022.0
189822711065364_1834625726585046,0.0,193,22,2018-10-31 11:30:00.000,175,10,189822711065364,friso,193.0
189822711065364_1838157532898532,,49,12,2018-11-02 11:30:00.000,42,0,189822711065364,friso,49.0
189822711065364_1842639429117009,0.0,69,12,2018-11-05 10:21:00.000,60,1,189822711065364,nan,69.0
189822711065364_1851385408242411,0.0,155,15,2018-11-13 12:00:00.000,143,4,189822711065364,nan,155.0
189822711065364_1852215424826076,2.0,828,649,2018-11-13 04:30:00.000,694,688,189822711065364,friso,830.0
189822711065364_1852306334816985,11.0,1431,811,2018-11-22 12:00:00.000,1193,821,189822711065364,friso,1442.0
189822711065364_1865044613543157,0.0,177,30,2018-11-25 01:33:00.000,150,4,189822711065364,friso,177.0
189822711065364_1869737076407244,0.0,1253,24,2018-11-27 04:28:00.000,1231,2,189822711065364,friso,1253.0
189822711065364_1877943522253266,0.0,181,24,2018-12-03 11:30:00.000,157,9,189822711065364,enfa,181.0
189822711065364_1881874218526863,0.0,55,11,2018-12-07 01:30:00.000,46,1,189822711065364,friso,55.0
189822711065364_1881874218526863,0.0,55,11,2018-12-07 01:30:00.000,46,1,189822711065364,nan,55.0
189822711065364_1883325435048408,0.0,165,30,2018-12-11 01:15:00.000,95,4,189822711065364,enfa,165.0
189822711065364_1887307361316882,0.0,471,3,2018-12-10 12:15:00.000,317,1,189822711065364,nan,471.0
189822711065364_1891390077575277,,47,11,2018-12-16 01:40:00.000,37,0,189822711065364,enfa,47.0
189822711065364_1891390620908556,0.0,45,6,2018-12-14 01:30:00.000,37,1,189822711065364,friso,45.0
189822711065364_1902146729832945,,261,6,2018-12-21 11:50:00.000,256,1,189822711065364,enfa,261.0
2021818394720178_2253031128265569,,9,2,2018-10-07 10:17:00.000,6,0,2021818394720178,enfa,9.0
2021818394720178_2263181003917248,,53,8,2018-10-25 23:50:00.000,45,0,2021818394720178,enfa,53.0
2021818394720178_2263181003917248,,53,8,2018-10-25 23:50:00.000,45,0,2021818394720178,similac,53.0
2021818394720178_2264362253799123,,11,0,2018-10-28 00:40:00.000,11,0,2021818394720178,enfa,11.0
2021818394720178_2264362253799123,,11,0,2018-10-28 00:40:00.000,11,0,2021818394720178,similac,11.0
2021818394720178_2265297127038969,,26,3,2018-10-29 16:55:00.000,23,0,2021818394720178,similac,26.0
2021818394720178_2266632760238739,,42,5,2018-11-01 06:22:00.000,38,0,2021818394720178,enfa,42.0
2021818394720178_2266632760238739,,42,5,2018-11-01 06:22:00.000,38,0,2021818394720178,similac,42.0
2021818394720178_2266639650238050,,59,6,2018-11-01 06:41:00.000,56,0,2021818394720178,similac,59.0
2021818394720178_2266687306899951,,26,2,2018-11-01 09:24:00.000,25,0,2021818394720178,similac,26.0
2021818394720178_2267140270187988,,21,9,2018-11-02 04:52:00.000,12,0,2021818394720178,similac,21.0
2021818394720178_2267494453485903,,6,0,2018-11-02 16:41:00.000,6,0,2021818394720178,similac,6.0
2021818394720178_2270757729826242,0.0,101,3,2018-11-08 03:47:00.000,100,1,2021818394720178,similac,101.0
2021818394720178_2270786133156735,0.0,38,3,2018-11-08 04:55:00.000,35,1,2021818394720178,similac,38.0
2021818394720178_2282450621990286,,94,2,2018-11-27 17:02:00.000,94,0,2021818394720178,similac,94.0
2021818394720178_2282659655302716,,8,3,2018-11-28 01:55:00.000,8,0,2021818394720178,enfa,8.0
2021818394720178_2288735681361780,,94,3,2018-12-07 11:40:00.000,94,0,2021818394720178,enfa,94.0
2021818394720178_2288800874688594,,4,0,2018-12-07 13:36:00.000,4,0,2021818394720178,enfa,4.0
2021818394720178_2290523224516359,,9,0,2018-12-10 01:36:00.000,8,0,2021818394720178,similac,9.0
2021818394720178_2291427347759280,,13,0,2018-12-11 07:35:00.000,10,0,2021818394720178,similac,13.0
2021818394720178_2294358104132871,,9,2,2018-12-15 16:21:00.000,7,0,2021818394720178,enfa,9.0
2021818394720178_2294358104132871,,9,2,2018-12-15 16:21:00.000,7,0,2021818394720178,similac,9.0
2021818394720178_2294696377432377,,30,5,2018-12-16 05:58:00.000,26,1,2021818394720178,similac,30.0
2021818394720178_2300018410233507,,23,2,2018-12-24 05:13:00.000,21,0,2021818394720178,enfa,23.0
2021818394720178_2303939803174701,,18,3,2018-12-29 17:00:00.000,16,2,2021818394720178,similac,18.0
227853940672656_1125493434242031,,5,1,2018-11-04 09:44:00.000,4,0,227853940672656,similac,5.0
227853940672656_1133597570098284,,8,1,2018-11-12 12:21:00.000,5,0,227853940672656,similac,8.0
227853940672656_1156869914437716,5.0,285,252,2018-12-05 02:47:00.000,242,167,227853940672656,similac,290.0
227853940672656_1158173390974035,,6,0,2018-12-06 07:31:00.000,6,0,227853940672656,similac,6.0
227853940672656_1161298010661573,,3,0,2018-12-09 01:49:00.000,3,0,227853940672656,similac,3.0
227853940672656_1161345947323446,5.0,323,247,2018-12-09 02:51:00.000,244,168,227853940672656,similac,328.0
227853940672656_1162740253850682,,13,1,2018-12-10 09:20:00.000,7,0,227853940672656,similac,13.0
227853940672656_1163997080391666,0.0,299,3,2018-12-11 10:08:00.000,252,1,227853940672656,similac,299.0
227853940672656_1164935070297867,,7,0,2018-12-12 02:40:00.000,7,0,227853940672656,similac,7.0
227853940672656_1165156426942398,,46,8,2018-12-12 07:57:00.000,41,0,227853940672656,similac,46.0
227853940672656_1166233156834725,1.0,321,260,2018-12-13 08:18:00.000,246,159,227853940672656,similac,322.0
227853940672656_1168240166634024,,6,1,2018-12-15 11:00:00.000,4,0,227853940672656,similac,6.0
227853940672656_1169328569858517,,5,2,2018-12-16 04:00:00.000,3,0,227853940672656,similac,5.0
227853940672656_1171829949608379,,5,3,2018-12-18 10:24:00.000,3,0,227853940672656,similac,5.0
228943997556127_542738209510036,,2,1,2018-10-02 03:27:00.000,1,0,228943997556127,similac,2.0
228943997556127_542739379509919,,3,0,2018-10-02 03:29:00.000,3,0,228943997556127,similac,3.0
228943997556127_571670626616794,,5,0,2018-12-01 04:03:00.000,5,0,228943997556127,similac,5.0
232461687250900_485861778577555,,6,2,2018-10-05 15:00:00.000,4,0,232461687250900,nan,6.0
232461687250900_486902518473481,,3,1,2018-10-07 02:00:00.000,2,0,232461687250900,nan,3.0
232461687250900_488436751653391,,2,1,2018-10-10 04:00:00.000,1,0,232461687250900,nan,2.0
232461687250900_488437394986660,,3,0,2018-10-10 05:00:00.000,3,0,232461687250900,nan,3.0
232461687250900_489783658185367,,4,0,2018-10-13 08:30:00.000,4,0,232461687250900,nan,4.0
232461687250900_489784031518663,,5,1,2018-10-13 11:30:00.000,4,1,232461687250900,nan,5.0
232461687250900_490801308083602,,4,0,2018-10-15 12:48:46.314,4,0,232461687250900,nan,4.0
232461687250900_497677084062691,,10,10,2018-10-30 05:00:00.000,3,0,232461687250900,nan,10.0
232461687250900_502613893569010,,3,1,2018-11-09 10:00:00.000,2,1,232461687250900,nan,3.0
232461687250900_503056890191377,,3,1,2018-11-10 09:00:00.000,1,0,232461687250900,nan,3.0
232461687250900_503633893467010,,4,0,2018-11-11 09:00:00.000,4,0,232461687250900,nan,4.0
232461687250900_511004876063245,,6,2,2018-11-25 10:00:00.000,3,0,232461687250900,nan,6.0
232461687250900_513765085787224,,6,0,2018-11-30 12:00:00.000,6,0,232461687250900,nan,6.0
232461687250900_514192929077773,,6,4,2018-12-01 03:00:00.000,2,0,232461687250900,nan,6.0
232461687250900_515267308970335,,3,1,2018-12-03 03:00:00.000,2,0,232461687250900,nan,3.0
232461687250900_515797062250693,,6,0,2018-12-04 04:00:00.000,6,0,232461687250900,nan,6.0
232461687250900_518948005268932,,2,0,2018-12-09 13:00:00.000,2,0,232461687250900,nan,2.0
232461687250900_518972365266496,,4,1,2018-12-09 14:00:00.000,3,0,232461687250900,nan,4.0
232461687250900_523050764858656,,3,0,2018-12-16 03:00:00.000,3,0,232461687250900,nan,3.0
232461687250900_528105454353187,,8,3,2018-12-25 05:00:00.000,4,0,232461687250900,nan,8.0
232461687250900_529229154240817,,7,3,2018-12-27 05:00:00.000,5,0,232461687250900,nan,7.0
232461687250900_530455310784868,,9,4,2018-12-29 05:00:00.000,5,0,232461687250900,nan,9.0
245796775505303_1964745263610437,,19,6,2018-11-13 07:34:00.000,13,0,245796775505303,enfa,19.0
245796775505303_1966096516808645,,13,3,2018-11-14 10:50:08.607,10,0,245796775505303,nan,13.0
245796775505303_2025892294162400,2.0,145,137,2018-12-25 17:00:00.000,143,116,245796775505303,enfa,147.0
249295085540_10161016692250541,0.0,4557,261,2018-10-05 04:12:00.000,4520,138,249295085540,similac,4557.0
285757994777549_1913987642001780,0.0,183,577,2018-10-31 04:13:00.000,123,970,285757994777549,similac,183.0
285757994777549_2203977259622270,0.0,12,1,2018-11-02 02:54:00.000,10,1,285757994777549,friso,12.0
285757994777549_2240729012613761,0.0,13,3,2018-11-27 07:46:00.000,9,2,285757994777549,similac,13.0
285757994777549_2276973402322655,,16,2,2018-12-21 09:55:00.000,12,1,285757994777549,nan,16.0
318092495364075_526516924521630,,1,0,2018-11-30 06:01:00.000,1,0,318092495364075,similac,1.0
332042093538446_2040660839343221,0.0,2106,7,2018-12-22 08:45:00.000,2107,2,332042093538446,nan,2106.0
332042093538446_2040705166005455,,18,1,2018-12-22 13:45:00.000,17,1,332042093538446,nan,18.0
332042093538446_2040727276003244,0.0,30,0,2018-12-23 00:15:00.000,24,12,332042093538446,nan,30.0
332042093538446_2040729122669726,0.0,17,1,2018-12-23 04:45:00.000,15,2,332042093538446,nan,17.0
332042093538446_2040739796001992,0.0,25,2,2018-12-23 08:15:00.000,17,6,332042093538446,nan,25.0
332042093538446_2043045275771444,0.0,305,17,2018-12-23 23:20:00.000,234,115,332042093538446,similac,305.0
386981281345063_1990935734282935,0.0,1879,93,2018-10-12 09:07:00.000,1786,44,386981281345063,friso,1879.0
386981281345063_2009726985737143,0.0,912,52,2018-10-26 06:15:00.000,828,67,386981281345063,friso,912.0
386981281345063_2024254144284427,0.0,1273,215,2018-11-01 12:00:00.000,1133,32,386981281345063,friso,1273.0
400564340152929_1002180309991326,,65,19,2018-12-27 05:00:00.000,57,0,400564340152929,nan,65.0
400564340152929_993926320816725,0.0,33,4,2018-12-13 07:56:00.000,30,2,400564340152929,nan,33.0
400564340152929_997337497142274,,30,4,2018-12-19 09:01:00.000,27,1,400564340152929,nan,30.0
429300583784286_1485073151540352,,45,5,2018-12-10 04:41:00.000,30,2,429300583784286,enfa,45.0
429300583784286_1869236919790638,0.0,175,94,2018-10-01 13:00:00.000,144,12,429300583784286,enfa,175.0
429300583784286_1871375566243440,0.0,56,9,2018-10-01 03:49:00.000,49,2,429300583784286,enfa,56.0
429300583784286_1876722129042117,0.0,38,2,2018-10-03 13:09:32.471,36,2,429300583784286,enfa,38.0
429300583784286_1876724685708528,,56,1,2018-10-03 12:09:32.476,54,0,429300583784286,enfa,56.0
429300583784286_1880564215324575,0.0,80,4,2018-10-06 14:00:00.000,76,5,429300583784286,enfa,80.0
429300583784286_1883801035000893,0.0,600,46,2018-10-08 13:00:00.000,538,48,429300583784286,enfa,600.0
429300583784286_1884039251643738,0.0,130,65,2018-10-16 13:00:00.000,99,4,429300583784286,enfa,130.0
429300583784286_1886919128022417,0.0,80,41,2018-10-12 01:42:00.000,73,4,429300583784286,enfa,80.0
429300583784286_1889739754407021,,71,25,2018-10-12 13:00:00.000,61,1,429300583784286,enfa,71.0
429300583784286_1892181904162806,0.0,50,11,2018-10-14 03:22:00.000,44,3,429300583784286,enfa,50.0
429300583784286_1897915950256068,0.0,891,9,2018-10-18 13:00:00.000,879,19,429300583784286,enfa,891.0
429300583784286_1899346403446356,0.0,169,49,2018-10-20 01:00:00.000,139,96,429300583784286,enfa,169.0
429300583784286_1899351306779199,0.0,164,9,2018-10-23 13:00:00.000,156,8,429300583784286,enfa,164.0
429300583784286_1899372233443773,0.0,62,10,2018-10-20 16:41:00.000,43,18,429300583784286,enfa,62.0
429300583784286_1907565119291151,0.0,150,42,2018-10-28 13:00:00.000,132,2,429300583784286,enfa,150.0
429300583784286_1907603229287340,1.0,545,53,2018-10-25 12:42:00.000,531,30,429300583784286,enfa,546.0
429300583784286_1908757732505223,0.0,104,39,2018-10-27 10:11:00.000,99,2,429300583784286,enfa,104.0
429300583784286_1916956235018706,0.0,1638,16,2018-10-31 13:00:00.000,1634,5,429300583784286,enfa,1638.0
429300583784286_1920635194650810,0.0,725,32,2018-11-02 13:00:00.000,715,3,429300583784286,enfa,725.0
429300583784286_1920652601315736,2.0,637,490,2018-11-05 13:00:00.000,533,552,429300583784286,enfa,639.0
429300583784286_1922305921150404,0.0,39,1,2018-11-02 13:00:00.000,38,4,429300583784286,enfa,39.0
429300583784286_1926380600742936,0.0,69,17,2018-11-05 13:18:00.000,60,12,429300583784286,enfa,69.0
429300583784286_1927101010708977,0.0,964,570,2018-11-09 04:17:00.000,868,251,429300583784286,enfa,964.0
429300583784286_1937520109628985,0.0,456,345,2018-11-13 13:05:00.000,395,364,429300583784286,enfa,456.0
429300583784286_1948819288499067,,57,12,2018-11-21 12:43:00.000,49,2,429300583784286,enfa,57.0
429300583784286_1956850197695976,0.0,108,49,2018-11-27 03:14:00.000,74,3,429300583784286,enfa,108.0
429300583784286_1966607346720261,0.0,133,74,2018-12-03 13:00:00.000,87,7,429300583784286,enfa,133.0
429300583784286_1967780929936236,509.0,55,4,2018-12-04 04:04:00.000,49,4,429300583784286,enfa,564.0
429300583784286_1968197419894587,0.0,300,4,2018-12-05 10:28:00.000,289,16,429300583784286,enfa,300.0
429300583784286_1971171582930504,0.0,754,41,2018-12-06 11:00:00.000,718,19,429300583784286,enfa,754.0
429300583784286_1993028460744816,0.0,65,10,2018-12-22 17:21:00.000,59,4,429300583784286,enfa,65.0
429300583784286_1993073914073604,5.0,719,514,2018-12-22 13:00:00.000,676,513,429300583784286,enfa,724.0
429300583784286_2000182023362793,0.0,115,15,2018-12-26 17:00:00.000,104,4,429300583784286,enfa,115.0
429300583784286_2003082779739384,0.0,167,2,2018-12-27 17:00:00.000,158,11,429300583784286,enfa,167.0
429300583784286_2006949912686004,0.0,45,8,2018-12-30 17:00:00.000,39,3,429300583784286,enfa,45.0
429300583784286_2947480755278242,0.0,919,940,2018-12-10 04:34:00.000,582,349,429300583784286,enfa,919.0
429300583784286_307597246738356,0.0,893,2858,2018-10-27 05:09:00.000,690,736,429300583784286,enfa,893.0
429300583784286_535347940261736,1.0,494,388,2018-10-13 13:05:00.000,422,392,429300583784286,enfa,495.0
429300583784286_671146769952529,2.0,802,2442,2018-10-11 06:13:00.000,646,715,429300583784286,enfa,804.0
458190347605268_1956391467785141,0.0,4410,37,2018-11-03 14:53:00.000,7323,3,458190347605268,similac,4410.0
458190347605268_2017254258365528,0.0,1279,28,2018-12-15 05:07:00.000,1161,9,458190347605268,nan,1279.0
497681210270345_2121821111189672,0.0,87,9,2018-11-21 08:00:00.000,79,21,497681210270345,nan,87.0
518642984983091_1037290149785036,,2,0,2018-10-08 01:46:00.000,2,1,518642984983091,enfa,2.0
518642984983091_1038568449657206,0.0,2,0,2018-10-10 09:00:00.000,1,1,518642984983091,similac,2.0
558702127594646_1391813944283456,,158,3,2018-10-03 09:02:20.616,153,0,558702127594646,nan,158.0
558702127594646_1393472727450911,,25,19,2018-10-06 04:55:00.000,16,0,558702127594646,similac,25.0
558702127594646_1394156394049211,,14,12,2018-10-07 06:30:00.000,13,0,558702127594646,friso,14.0
558702127594646_1394647217333462,,16,8,2018-10-08 04:00:00.000,8,1,558702127594646,friso,16.0
558702127594646_1395293183935532,,6,1,2018-10-09 04:30:00.000,5,0,558702127594646,similac,6.0
558702127594646_1395374733927377,,7,4,2018-10-09 05:55:00.000,4,1,558702127594646,friso,7.0
558702127594646_1397742440357273,,25,15,2018-10-13 06:40:00.000,12,0,558702127594646,nan,25.0
558702127594646_1405468682917982,,12,2,2018-10-25 07:00:00.000,10,1,558702127594646,nan,12.0
558702127594646_1407100409421476,,25,19,2018-10-28 04:45:00.000,20,0,558702127594646,similac,25.0
558702127594646_1411988048932712,,7,3,2018-11-04 07:30:00.000,3,0,558702127594646,nan,7.0
558702127594646_1423918434406340,,17,6,2018-11-21 06:11:00.000,11,0,558702127594646,nan,17.0
558702127594646_1428315180633332,,22,7,2018-11-27 06:01:00.000,14,0,558702127594646,nan,22.0
558702127594646_1437660166365500,,13,12,2018-12-10 03:00:00.000,13,1,558702127594646,similac,13.0
558702127594646_1437710043027179,0.0,24,10,2018-12-24 07:45:00.000,14,1,558702127594646,similac,24.0
558702127594646_1438228222975361,,17,4,2018-12-10 07:25:00.000,8,0,558702127594646,nan,17.0
558702127594646_1438228222975361,,17,4,2018-12-10 07:25:00.000,8,0,558702127594646,similac,17.0
558702127594646_1440134249451425,,19,14,2018-12-12 07:42:00.000,17,0,558702127594646,similac,19.0
558702127594646_1440845609380289,,14,5,2018-12-14 04:30:00.000,8,0,558702127594646,friso,14.0
684600531_10160861463760532,,2676,9,2018-11-03 03:11:00.000,2683,2,684600531,similac,2676.0
684600531_10160873702540532,0.0,588,11,2018-11-06 15:06:00.000,584,1,684600531,similac,588.0
709322632_10155651814232633,,1264,11,2018-11-03 14:29:00.000,1326,0,709322632,similac,1264.0
709322632_10155669837772633,,2301,7,2018-11-13 04:25:00.000,2353,0,709322632,similac,2301.0
823149677701937_2503559452994276,,11,2,2018-10-18 13:45:00.000,10,0,823149677701937,nan,11.0
934843353261264_2052612411484347,0.0,2,1,2018-12-12 03:43:00.000,1,7,934843353261264,similac,2.0
934843353261264_2052725648139690,0.0,3,0,2018-12-12 05:47:00.000,2,7,934843353261264,similac,3.0
934843353261264_2052892808122974,0.0,2,0,2018-12-12 09:04:00.000,1,7,934843353261264,similac,2.0
934843353261264_2053061764772745,0.0,3,0,2018-12-12 11:49:00.000,2,7,934843353261264,similac,3.0
934843353261264_2053187971426791,0.0,2,1,2018-12-12 13:37:00.000,0,7,934843353261264,similac,2.0
934843353261264_2053917724687149,0.0,93,2,2018-12-13 01:41:00.000,92,6,934843353261264,similac,93.0
934843353261264_2054134267998828,0.0,4,0,2018-12-13 05:56:00.000,3,6,934843353261264,similac,4.0
934843353261264_2054224227989832,0.0,3,0,2018-12-13 08:03:00.000,1,6,934843353261264,similac,3.0
934843353261264_2054323557979899,0.0,3,0,2018-12-13 09:59:00.000,2,6,934843353261264,similac,3.0
934843353261264_2054349087977346,0.0,3,0,2018-12-13 11:10:00.000,1,6,934843353261264,similac,3.0
934843353261264_2054531921292396,0.0,3,0,2018-12-13 13:37:00.000,2,6,934843353261264,similac,3.0
934843353261264_2055291437883111,0.0,4,0,2018-12-14 02:59:00.000,3,6,934843353261264,similac,4.0
934843353261264_2055445944534327,0.0,4,0,2018-12-14 06:18:00.000,3,6,934843353261264,similac,4.0
934843353261264_2055555077856747,0.0,3,0,2018-12-14 08:46:00.000,2,6,934843353261264,similac,3.0
934843353261264_2055670337845221,0.0,3,0,2018-12-14 10:50:00.000,2,6,934843353261264,similac,3.0
934843353261264_2055860091159579,0.0,3,0,2018-12-14 13:41:00.000,2,5,934843353261264,similac,3.0
934843353261264_2056634974415424,0.0,2,0,2018-12-15 02:26:00.000,1,8,934843353261264,similac,2.0
934843353261264_2056638364415085,0.0,2,0,2018-12-15 04:00:00.000,1,8,934843353261264,similac,2.0
934843353261264_2056873391058249,0.0,2,0,2018-12-15 06:57:00.000,0,8,934843353261264,similac,2.0
934843353261264_2056923074386614,0.0,2,0,2018-12-15 07:58:00.000,1,7,934843353261264,similac,2.0
934843353261264_2058072137605041,0.0,3,1,2018-12-16 03:25:00.000,0,7,934843353261264,similac,3.0
934843353261264_2058271257585129,0.0,2,0,2018-12-16 06:54:00.000,1,7,934843353261264,similac,2.0
934843353261264_2058393967572858,0.0,2,0,2018-12-16 09:24:00.000,1,7,934843353261264,similac,2.0
934843353261264_2058476924231229,0.0,2,0,2018-12-16 10:55:00.000,0,7,934843353261264,similac,2.0
934843353261264_2058648580880730,0.0,2,0,2018-12-16 14:19:27.602,0,8,934843353261264,similac,2.0
934843353261264_2059431680802420,0.0,3,0,2018-12-17 02:23:00.000,1,6,934843353261264,similac,3.0
934843353261264_2059692177443037,0.0,2,0,2018-12-17 06:56:00.000,1,6,934843353261264,similac,2.0
934843353261264_2059797350765853,0.0,2,0,2018-12-17 09:07:00.000,1,6,934843353261264,similac,2.0
934843353261264_2059886490756939,0.0,4,0,2018-12-17 10:48:00.000,2,7,934843353261264,similac,4.0
934843353261264_2060045147407740,0.0,2,0,2018-12-17 13:22:00.000,1,7,934843353261264,similac,2.0
934843353261264_2060994997312755,0.0,1,0,2018-12-18 05:08:00.000,0,6,934843353261264,similac,1.0
934843353261264_2061135350632053,0.0,1,0,2018-12-18 07:52:00.000,0,6,934843353261264,similac,1.0
934843353261264_2061246003954321,0.0,2,0,2018-12-18 09:53:00.000,1,6,934843353261264,similac,2.0
934843353261264_2061432920602296,,1,0,2018-12-18 12:42:00.000,1,0,934843353261264,similac,1.0
934843353261264_2061502463928675,0.0,2,0,2018-12-18 13:33:00.000,1,6,934843353261264,similac,2.0
934843353261264_2062333627178892,0.0,1,0,2018-12-19 03:29:00.000,0,6,934843353261264,similac,1.0
934843353261264_2062543317157923,0.0,2,0,2018-12-19 07:50:00.000,1,6,934843353261264,similac,2.0
934843353261264_2062649307147324,0.0,2,0,2018-12-19 10:20:28.574,1,6,934843353261264,similac,2.0
934843353261264_2062731197139135,0.0,1,0,2018-12-19 11:19:58.215,0,6,934843353261264,similac,1.0
934843353261264_2062858730459715,0.0,1,0,2018-12-19 13:19:58.213,0,6,934843353261264,similac,1.0
934843353261264_2065253703553551,0.0,2,2,2018-12-21 06:39:00.000,1,7,934843353261264,similac,2.0
934843353261264_2065413796870875,0.0,3,0,2018-12-21 09:57:00.000,2,7,934843353261264,similac,3.0
934843353261264_2065705943508327,0.0,2,0,2018-12-21 14:20:00.000,1,7,934843353261264,similac,2.0
934843353261264_2065764546835800,0.0,3,0,2018-12-21 15:11:00.000,1,8,934843353261264,similac,3.0
934843353261264_2066602160085372,0.0,2,0,2018-12-22 05:46:00.000,1,7,934843353261264,similac,2.0
934843353261264_2066750163403905,0.0,3,0,2018-12-22 08:49:00.000,2,7,934843353261264,similac,3.0
934843353261264_2066845240061064,0.0,2,0,2018-12-22 10:46:00.000,1,7,934843353261264,similac,2.0
934843353261264_2067115660034022,0.0,2,0,2018-12-22 14:52:00.000,1,7,934843353261264,similac,2.0
934843353261264_2068047839940804,0.0,1,0,2018-12-23 07:51:00.000,0,7,934843353261264,similac,1.0
934843353261264_2068163419929246,0.0,1,0,2018-12-23 10:04:00.000,0,7,934843353261264,similac,1.0
934843353261264_2068272903251631,0.0,4,0,2018-12-23 11:50:00.000,3,7,934843353261264,similac,4.0
934843353261264_2069317093147212,0.0,1,0,2018-12-24 06:17:00.000,0,7,934843353261264,similac,1.0
934843353261264_2069494233129498,0.0,1,0,2018-12-24 10:29:55.565,0,7,934843353261264,similac,1.0
934843353261264_2069639516448303,0.0,1,0,2018-12-24 12:29:55.561,0,7,934843353261264,similac,1.0
934843353261264_2069839696428285,0.0,1,0,2018-12-24 15:29:55.559,0,7,934843353261264,similac,1.0
934843353261264_353825645353341,,3,0,2018-11-10 11:20:00.000,3,0,934843353261264,similac,3.0
